position,skills
Software Engineer,"Java, Python, C++, Git, Agile, Docker, Linux, Microservices, REST APIs, GraphQL, TypeScript"
Data Scientist,"Python, R, SQL, Machine Learning, Deep Learning, TensorFlow, Pandas, Big Data, Apache Spark, Data Visualization"
UX/UI Designer,"Figma, Adobe XD, Wireframing, Prototyping, Usability Testing, Sketch, Interaction Design, User Research, Accessibility"
Product Manager,"Agile, Jira, Product Lifecycle, Market Research, User Stories, Roadmapping, Stakeholder Management, A/B Testing, OKRs"
Network Engineer,"Cisco, TCP/IP, DNS, Firewalls, VPN, Network Protocols, SDN, Network Automation, CCNA, Cybersecurity"
Digital Marketing Specialist,"Google Analytics, SEO, SEM, Google Ads, Content Strategy, Social Media Marketing, PPC, Email Marketing, Marketing Automation"
Financial Analyst,"Excel, Financial Modeling, Forecasting, Power BI, Data Analysis, Financial Reporting, Business Intelligence, Risk Analysis, Tableau"
Content Writer,"SEO Writing, WordPress, Editing, Content Management, Storytelling, Copywriting, Blogging, Technical Writing, Creative Writing"
Graphic Designer,"Adobe Photoshop, Illustrator, Typography, Layout Design, Branding, Adobe InDesign, Motion Graphics, UI Elements, Color Theory"
Sales Representative,"CRM, Negotiation, Lead Generation, Cold Calling, Customer Relationship Management, Sales Strategies, Digital Sales, B2B Sales"
IT Support Specialist,"Windows, Troubleshooting, Ticketing Systems, Hardware Support, Active Directory, Remote Support, Cybersecurity Awareness, ITIL"
Data Analyst,"SQL, Excel, Tableau, Power BI, Statistics, Python, Data Cleaning, Data Mining, Predictive Analytics, Data Warehousing"
Systems Administrator,"Linux, Windows Server, Virtualization, Security Patches, Backup Management, Cloud Infrastructure, Automation, Scripting"
Customer Support Specialist,"Zendesk, Troubleshooting, Communication, CRM Systems, Ticket Management, Customer Service Skills, Live Chat Support, Knowledge Base"
Supply Chain Manager,"SAP, Logistics Management, Procurement, Inventory Control, Vendor Management, Supply Chain Optimization, Demand Planning, JIT"
Quality Assurance Engineer,"Selenium, Jira, Test Automation, Test Cases, Bug Tracking, Manual Testing, Performance Testing, CI/CD, API Testing"
DevOps Engineer,"Docker, Kubernetes, Jenkins, CI/CD Pipelines, AWS, Azure, Infrastructure as Code, Monitoring, Agile, GitOps"
UI/UX Developer,"HTML, CSS, JavaScript, Bootstrap, Responsive Design, User Interface Development, React, Vue.js, Figma"
Technical Writer,"Technical Documentation, Content Management, Confluence, Markdown, Editing, API Documentation, User Manuals, Style Guides"
Cybersecurity Analyst,"Firewall, Encryption, SIEM, Vulnerability Assessment, Threat Analysis, Incident Response, Security Auditing, Penetration Testing"
Research Scientist,"SPSS, Data Collection, Lab Research, Hypothesis Testing, Peer Review, Experimental Design, Data Analysis, Scientific Writing"
Operations Manager,"Process Optimization, Lean Six Sigma, Resource Planning, Workflow Automation, KPIs, Cost Reduction, Project Management"
Mechanical Engineer,"CAD, SolidWorks, Prototyping, Thermodynamics, Manufacturing Processes, 3D Printing, Mechanical Design, FEM Analysis"
Architect,"AutoCAD, Revit, BIM, Structural Design, Building Codes, Sustainable Design, Project Management, Landscape Architecture"
Healthcare Administrator,"Healthcare Regulations, HIPAA Compliance, Medical Billing, Staff Management, EHR Systems, Health Policy, Patient Care Management"
Business Analyst,"UML, Business Process Modeling, Requirements Gathering, Stakeholder Management, Agile, Data Analysis, Process Mapping, User Stories"
Electrical Engineer,"PCB Design, Circuit Analysis, MATLAB, VHDL, Power Systems, Embedded Systems, Analog/Digital Design, Robotics"
UX Researcher,"User Interviews, A/B Testing, Usability Studies, Data Analysis, Personas, User Journey Mapping, Accessibility Testing"
Project Manager,"Project Planning, Resource Allocation, Risk Management, MS Project, Stakeholder Communication, Agile, Scrum, Budget Management"
Legal Counsel,"Legal Research, Contract Negotiation, Case Management, Legal Drafting, Litigation, Compliance, Corporate Law, Intellectual Property"
Data Engineer,"ETL, SQL, Hadoop, Spark, Data Pipelines, Schema Design, Big Data Technologies, Data Warehousing, Cloud Data Engineering"
Biomedical Engineer,"Medical Devices, Regulatory Compliance, Testing, Biomechanics, MATLAB, Biomedical Instrumentation, Tissue Engineering"
Social Media Manager,"Social Media Strategy, Content Calendar, Instagram, Facebook, Audience Engagement, Social Analytics, Campaign Management"
Systems Analyst,"Software Development Life Cycle, UML, Business Process Improvement, IT Systems, Technical Specifications, Agile Methodology"
Chemical Engineer,"Chemical Process Design, Aspen Plus, Process Optimization, Materials Science, Chemical Safety, Environmental Regulations"
AI/ML Engineer,"TensorFlow, PyTorch, Machine Learning Algorithms, Model Optimization, Neural Networks, Natural Language Processing, Computer Vision"
Technical Support Engineer,"Windows, Networking, Troubleshooting, Customer Service, Linux, Remote Desktop Support, ITIL, Help Desk Management"
Pharmacist,"Medication Dispensing, Pharmacology, Patient Counseling, Healthcare Compliance, Pharmacy Management Systems, Clinical Pharmacy"
Interior Designer,"AutoCAD, Space Planning, Color Theory, Furniture Design, Project Management, Interior Styling, 3D Visualization"
Event Planner,"Event Management, Budgeting, Vendor Coordination, Client Communication, Logistics, Risk Management, Event Marketing"
Civil Engineer,"Structural Analysis, AutoCAD, Project Management, Geotechnical Engineering, Environmental Engineering, Construction Management"
Environmental Scientist,"Environmental Impact Assessment, GIS, Lab Analysis, Sustainability Studies, Regulatory Compliance, Environmental Remediation"
Digital Analyst,"Google Analytics, Web Metrics, SEO, SEM, Data Interpretation, Conversion Rate Optimization, User Behavior Analysis"
UX/UI Architect,"Wireframing, Prototyping, User Experience Design, Leadership, Interaction Design, User-Centered Design, Design Systems"
Chief Financial Officer,"Financial Strategy, Forecasting, Risk Management, Corporate Governance, Financial Reporting, Investor Relations, Strategic Planning"
Chief Technology Officer,"Software Architecture, Leadership, Innovation, Cloud Strategy, Agile Methodology, Technology Roadmapping, Digital Transformation"
Chief Marketing Officer,"Digital Marketing, Market Strategy, Brand Development, Customer Engagement, Analytics, Product Marketing, Multichannel Campaigns"
Chief Executive Officer,"Leadership, Corporate Strategy, Business Development, Financial Management, Change Management, Strategic Vision, Operational Efficiency"
Web Developer,"HTML, CSS, JavaScript, React, Node.js, Front-end Development, RESTful APIs, Responsive Design, UX/UI Principles"
Database Administrator,"SQL, NoSQL, Database Tuning, Backup, Disaster Recovery, Database Security, Performance Optimization, Cloud Databases"
Machine Learning Engineer,"Deep Learning, TensorFlow, Model Training, Predictive Analytics, Python, Reinforcement Learning, AI Frameworks, Data Engineering"
Mobile App Developer,"Swift, Kotlin, Android, iOS, React Native, App Deployment, Mobile UX Design, Cross-platform Development"
Cloud Engineer,"AWS, Azure, Cloud Architecture, DevOps, Infrastructure as Code, Cloud Security, Cloud Migration, Multi-Cloud Strategies"
Data Architect,"Data Modeling, Database Design, Cloud Data Services, Data Warehousing, ETL Processes, Data Governance, Big Data Technologies"
Network Security Engineer,"Firewalls, Encryption, IDS/IPS, Penetration Testing, VPN, Cybersecurity Frameworks, Security Audits, Network Monitoring"
Blockchain Developer,"Smart Contracts, Solidity, Ethereum, Blockchain Protocols, Consensus Algorithms, Decentralized Applications, Crypto-economics"
Game Developer,"Unity, C#, Game Physics, 3D Modeling, Gameplay Design, VR/AR Development, Game Mechanics, Game Monetization"
Hardware Engineer,"PCB Design, Microcontrollers, Circuit Analysis, Prototyping, FPGA, Embedded Systems, Hardware Testing, Signal Processing"
SEO Specialist,"SEO Optimization, Keyword Research, Google Analytics, Backlinking, Content Strategy, Technical SEO, On-page SEO, Off-page SEO"
Content Strategist,"Content Management, Editorial Planning, SEO, Audience Engagement, Content Distribution, Copywriting, Digital Marketing Strategy"
Virtual Assistant,"Scheduling, Communication, Email Management, Administrative Support, Task Management, Remote Work Tools, Time Management"
Financial Consultant,"Investment Analysis, Portfolio Management, Risk Assessment, Financial Planning, Wealth Management, Financial Forecasting"
Retail Manager,"Sales Management, Inventory Control, Customer Service, Retail Merchandising, Team Leadership, Visual Merchandising, E-commerce"
Production Manager,"Production Scheduling, Quality Control, Lean Manufacturing, Supply Chain Management, Process Improvement, Cost Reduction"
Business Development Manager,"Market Research, Sales Strategy, Partnerships, Negotiation, Account Management, Business Growth, Networking"
Public Relations Specialist,"Media Relations, Communication Strategy, Brand Management, Crisis Communication, Public Affairs, Content Creation"
Technical Recruiter,"Sourcing, Candidate Screening, ATS, Interview Coordination, Technical Hiring, Employer Branding, Talent Acquisition Strategies"
Video Producer,"Video Editing, Production, Scriptwriting, Camera Operation, Post-production, Storyboarding, Video Marketing, Content Creation"
Social Worker,"Client Advocacy, Case Management, Community Outreach, Counseling, Resource Coordination, Social Services, Mental Health"
Real Estate Agent,"Property Sales, Market Research, Negotiation, Customer Service, Real Estate Law, Listing Management, Client Relations"
Insurance Underwriter,"Risk Assessment, Policy Analysis, Insurance Regulations, Underwriting, Claims Review, Actuarial Analysis, Risk Management"
Pharmaceutical Sales Rep,"Pharma Knowledge, Sales Strategy, Customer Relationship, Compliance, Market Access, Key Account Management, Product Knowledge"
Civil Rights Lawyer,"Advocacy, Litigation, Social Justice, Public Policy, Legal Research, Civil Rights Legislation, Community Outreach"
Event Coordinator,"Event Logistics, Vendor Management, Scheduling, Event Planning, Client Relations, Budget Management, Coordination Skills"
Quality Control Inspector,"Product Inspection, Quality Standards, Report Generation, Compliance, Six Sigma, Quality Assurance, Testing Procedures"
Logistics Coordinator,"Supply Chain Management, Inventory Tracking, Logistics Planning, Vendor Relations, Freight Management, Route Optimization"
Video Game Tester,"Gameplay Testing, Bug Reporting, User Experience Analysis, Debugging, Test Cases, Feedback Documentation, Quality Assurance"
Interior Architect,"Interior Design, Project Management, Space Planning, CAD, Sustainable Design, 3D Modeling, Architectural Design"
Fitness Trainer,"Personal Training, Fitness Plans, Nutrition Counseling, Client Motivation, Group Fitness Instruction, Wellness Coaching"
Voice Over Artist,"Voice Recording, Script Reading, Audio Editing, Performance Coaching, Character Voices, Audiobook Narration, Commercial Voiceovers"
Medical Coder,"ICD Coding, Healthcare Compliance, Patient Records, Medical Billing, Health Information Management, Coding Audits, Medical Terminology"
Crisis Manager,"Crisis Communication, Risk Management, Response Strategy, Media Relations, Incident Response, Business Continuity Planning"
Policy Analyst,"Policy Research, Legislative Analysis, Report Writing, Public Policy Evaluation, Data Analysis, Stakeholder Engagement, Policy Development"
Web Designer,"UI/UX Design, Web Layouts, CSS, Front-end Frameworks, Graphic Design, Responsive Design, SEO Best Practices"
Human Resources Manager,"Recruitment, Employee Relations, Compliance, Payroll Management, Talent Development, Performance Management, HR Strategy"
